edad,hombres_con_vida_denuncia,hombres_sin_vida_denuncia,hombres_con_vida_reporte,hombres_sin_vida_reporte
00-04,89,2,31,1
05-09,85,1,40,0
10-14,421,7,83,0
15-19,946,124,151,30
20-24,1022,298,145,28
25-29,900,315,144,31
30-34,773,273,114,21
35-39,636,244,85,26
40-44,515,177,80,22
45-49,373,138,62,19
50-54,244,78,48,9
55-59,169,50,38,11
60-64,136,38,26,3
65-69,92,21,21,5
70-74,74,18,25,1
75-79,52,19,21,1
80-84,49,10,26,1
85-89,24,3,17,1
90-94,7,4,5,0
95-99,1,0,1,0
NO DISPONIBLE,11,1,6,4
